{
  "id": "",
  "name": "",
  "font_family": "iconfont",
  "css_prefix_text": "icon-",
  "description": "",
  "glyphs": [
    {
      "icon_id": "1002521",
      "name": "首页",
      "font_class": "shouye",
      "unicode": "e626",
      "unicode_decimal": 58918
    },
    {
      "icon_id": "1177778",
      "name": "软件服务",
      "font_class": "ruanjianfuwu",
      "unicode": "e64b",
      "unicode_decimal": 58955
    },
    {
      "icon_id": "1343817",
      "name": "个人中心",
      "font_class": "gerenzhongxin",
      "unicode": "e60b",
      "unicode_decimal": 58891
    },
    {
      "icon_id": "1356139",
      "name": "服务",
      "font_class": "fuwu",
      "unicode": "e60f",
      "unicode_decimal": 58895
    },
    {
      "icon_id": "1473268",
      "name": "服务",
      "font_class": "fuwu1",
      "unicode": "e67c",
      "unicode_decimal": 59004
    },
    {
      "icon_id": "1960656",
      "name": "社区动态",
      "font_class": "community",
      "unicode": "e686",
      "unicode_decimal": 59014
    }
  ]
}
