{
  "id": "",
  "name": "",
  "font_family": "iconfont",
  "css_prefix_text": "icon-",
  "description": "",
  "glyphs": [
    {
      "icon_id": "158976",
      "name": "repair_fill",
      "font_class": "repairfill",
      "unicode": "e73a",
      "unicode_decimal": 59194
    },
    {
      "icon_id": "830347",
      "name": "个人中心",
      "font_class": "icon7",
      "unicode": "e663",
      "unicode_decimal": 58979
    },
    {
      "icon_id": "1440902",
      "name": "其他服务",
      "font_class": "qitafuwu",
      "unicode": "e639",
      "unicode_decimal": 58937
    },
    {
      "icon_id": "1898973",
      "name": "recycle",
      "font_class": "recycle",
      "unicode": "e700",
      "unicode_decimal": 59136
    },
    {
      "icon_id": "2959059",
      "name": "其他费用",
      "font_class": "qitafeiyong",
      "unicode": "e629",
      "unicode_decimal": 58921
    },
    {
      "icon_id": "6151115",
      "name": "unlock-fill",
      "font_class": "unlock-fill",
      "unicode": "e7b8",
      "unicode_decimal": 59320
    },
    {
      "icon_id": "6874063",
      "name": "收藏",
      "font_class": "shoucang",
      "unicode": "e63a",
      "unicode_decimal": 58938
    },
    {
      "icon_id": "7207750",
      "name": "menu",
      "font_class": "menu",
      "unicode": "e60f",
      "unicode_decimal": 58895
    },
    {
      "icon_id": "7269316",
      "name": "收藏-默认",
      "font_class": "shoucang-moren",
      "unicode": "e61d",
      "unicode_decimal": 58909
    },
    {
      "icon_id": "7423849",
      "name": "收藏",
      "font_class": "shoucang1",
      "unicode": "e64f",
      "unicode_decimal": 58959
    },
    {
      "icon_id": "9927996",
      "name": "home",
      "font_class": "home",
      "unicode": "e645",
      "unicode_decimal": 58949
    },
    {
      "icon_id": "10164893",
      "name": "家政服务",
      "font_class": "jiazhengfuwu",
      "unicode": "e661",
      "unicode_decimal": 58977
    },
    {
      "icon_id": "10582820",
      "name": "收藏夹",
      "font_class": "shoucangjia",
      "unicode": "e67c",
      "unicode_decimal": 59004
    },
    {
      "icon_id": "10885279",
      "name": "收藏",
      "font_class": "shoucang2",
      "unicode": "e610",
      "unicode_decimal": 58896
    },
    {
      "icon_id": "11891813",
      "name": "收藏",
      "font_class": "shoucang3",
      "unicode": "e672",
      "unicode_decimal": 58994
    }
  ]
}
